,index,Ano,Tipo,Total Linha
0,0,1998.0,grad,79.0
1,1,1998.0,grad,0.0
2,2,1998.0,grad,0.0
3,3,1998.0,grad,0.0
4,4,1998.0,grad,0.0
5,5,1998.0,grad,0.0
6,6,1998.0,grad,0.0
7,7,1998.0,grad,0.0
8,8,1998.0,grad,24.0
9,9,1998.0,grad,0.0
10,10,1998.0,grad,0.0
11,11,1998.0,grad,0.0
12,12,1998.0,grad,0.0
13,13,1998.0,grad,0.0
14,14,1998.0,grad,0.0
15,15,1998.0,grad,0.0
16,16,1998.0,grad,0.0
17,17,1998.0,grad,0.0
18,18,1998.0,grad,0.0
19,19,1998.0,grad,0.0
20,20,1998.0,grad,0.0
21,21,1998.0,grad,0.0
22,22,1998.0,grad,0.0
23,23,1998.0,grad,0.0
24,24,1998.0,grad,0.0
25,25,1998.0,grad,0.0
26,26,1998.0,grad,0.0
27,27,1998.0,grad,0.0
28,28,1998.0,grad,0.0
29,29,1999.0,grad,178.0
30,30,1999.0,grad,0.0
31,31,1999.0,grad,0.0
32,32,1999.0,grad,0.0
33,33,1999.0,grad,0.0
34,34,1999.0,grad,0.0
35,35,1999.0,grad,0.0
36,36,1999.0,grad,0.0
37,37,1999.0,grad,0.0
38,38,1999.0,grad,67.0
39,39,1999.0,grad,0.0
40,40,1999.0,grad,99.0
41,41,1999.0,grad,0.0
42,42,1999.0,grad,0.0
43,43,1999.0,grad,0.0
44,44,1999.0,grad,0.0
45,45,1999.0,grad,0.0
46,46,1999.0,grad,0.0
47,47,1999.0,grad,0.0
48,48,1999.0,grad,0.0
49,49,1999.0,grad,0.0
50,50,1999.0,grad,0.0
51,51,1999.0,grad,0.0
52,52,1999.0,grad,0.0
53,53,1999.0,grad,0.0
54,54,1999.0,grad,0.0
55,55,1999.0,grad,0.0
56,56,2000.0,grad,198.0
57,57,2000.0,grad,0.0
58,58,2000.0,grad,0.0
59,59,2000.0,grad,0.0
60,60,2000.0,grad,0.0
61,61,2000.0,grad,0.0
62,62,2000.0,grad,0.0
63,63,2000.0,grad,0.0
64,64,2000.0,grad,0.0
65,65,2000.0,grad,76.0
66,66,2000.0,grad,0.0
67,67,2000.0,grad,196.0
68,68,2000.0,grad,0.0
69,69,2000.0,grad,0.0
70,70,2000.0,grad,0.0
71,71,2000.0,grad,0.0
72,72,2000.0,grad,0.0
73,73,2000.0,grad,0.0
74,74,2000.0,grad,0.0
75,75,2000.0,grad,0.0
76,76,2000.0,grad,0.0
77,77,2000.0,grad,0.0
78,78,2000.0,grad,0.0
79,79,2000.0,grad,0.0
80,80,2000.0,grad,0.0
81,81,2000.0,grad,0.0
82,82,2001.0,grad,188.0
83,83,2001.0,grad,0.0
84,84,2001.0,grad,0.0
85,85,2001.0,grad,0.0
86,86,2001.0,grad,0.0
87,87,2001.0,grad,0.0
88,88,2001.0,grad,0.0
89,89,2001.0,grad,0.0
90,90,2001.0,grad,0.0
91,91,2001.0,grad,33.0
92,92,2001.0,grad,0.0
93,93,2001.0,grad,197.0
94,94,2001.0,grad,0.0
95,95,2001.0,grad,0.0
96,96,2001.0,grad,0.0
97,97,2001.0,grad,0.0
98,98,2001.0,grad,0.0
99,99,2001.0,grad,0.0
100,100,2001.0,grad,0.0
101,101,2001.0,grad,0.0
102,102,2001.0,grad,0.0
103,103,2001.0,grad,0.0
104,104,2001.0,grad,0.0
105,105,2001.0,grad,0.0
106,106,2001.0,grad,0.0
107,107,2001.0,grad,0.0
108,108,2001.0,grad,0.0
109,109,2002.0,grad,126.0
110,110,2002.0,grad,0.0
111,111,2002.0,grad,0.0
112,112,2002.0,grad,0.0
113,113,2002.0,grad,0.0
114,114,2002.0,grad,0.0
115,115,2002.0,grad,0.0
116,116,2002.0,grad,0.0
117,117,2002.0,grad,0.0
118,118,2002.0,grad,0.0
119,119,2002.0,grad,0.0
120,120,2002.0,grad,0.0
121,121,2002.0,grad,42.0
122,122,2002.0,grad,0.0
123,123,2002.0,grad,100.0
124,124,2002.0,grad,0.0
125,125,2002.0,grad,0.0
126,126,2002.0,grad,0.0
127,127,2002.0,grad,0.0
128,128,2002.0,grad,0.0
129,129,2002.0,grad,0.0
130,130,2002.0,grad,0.0
131,131,2002.0,grad,0.0
132,132,2002.0,grad,0.0
133,133,2002.0,grad,0.0
134,134,2002.0,grad,0.0
135,135,2002.0,grad,0.0
136,136,2002.0,grad,0.0
137,137,2002.0,grad,0.0
138,138,2003.0,grad,91.0
139,139,2003.0,grad,0.0
140,140,2003.0,grad,0.0
141,141,2003.0,grad,0.0
142,142,2003.0,grad,0.0
143,143,2003.0,grad,0.0
144,144,2003.0,grad,0.0
145,145,2003.0,grad,0.0
146,146,2003.0,grad,0.0
147,147,2003.0,grad,0.0
148,148,2003.0,grad,128.0
149,149,2003.0,grad,0.0
150,150,2003.0,grad,34.0
151,151,2003.0,grad,0.0
152,152,2003.0,grad,0.0
153,153,2003.0,grad,0.0
154,154,2003.0,grad,0.0
155,155,2003.0,grad,0.0
156,156,2003.0,grad,0.0
157,157,2003.0,grad,0.0
158,158,2003.0,grad,0.0
159,159,2003.0,grad,0.0
160,160,2003.0,grad,0.0
161,161,2003.0,grad,0.0
162,162,2003.0,grad,0.0
163,163,2003.0,grad,0.0
164,164,2003.0,grad,0.0
165,165,2004.0,grad,119.0
166,166,2004.0,grad,0.0
167,167,2004.0,grad,0.0
168,168,2004.0,grad,0.0
169,169,2004.0,grad,0.0
170,170,2004.0,grad,0.0
171,171,2004.0,grad,0.0
172,172,2004.0,grad,0.0
173,173,2004.0,grad,0.0
174,174,2004.0,grad,0.0
175,175,2004.0,grad,196.0
176,176,2004.0,grad,0.0
177,177,2004.0,grad,107.0
178,178,2004.0,grad,0.0
179,179,2004.0,grad,0.0
180,180,2004.0,grad,0.0
181,181,2004.0,grad,0.0
182,182,2004.0,grad,0.0
183,183,2004.0,grad,0.0
184,184,2004.0,grad,0.0
185,185,2004.0,grad,0.0
186,186,2004.0,grad,0.0
187,187,2004.0,grad,0.0
188,188,2004.0,grad,0.0
189,189,2004.0,grad,0.0
190,190,2004.0,grad,0.0
191,191,2004.0,grad,0.0
192,192,2004.0,grad,0.0
193,193,2004.0,grad,0.0
194,194,2004.0,grad,0.0
195,195,2005.0,grad,155.0
196,196,2005.0,grad,0.0
197,197,2005.0,grad,0.0
198,198,2005.0,grad,0.0
199,199,2005.0,grad,0.0
200,200,2005.0,grad,0.0
201,201,2005.0,grad,0.0
202,202,2005.0,grad,0.0
203,203,2005.0,grad,0.0
204,204,2005.0,grad,0.0
205,205,2005.0,grad,253.0
206,206,2005.0,grad,0.0
207,207,2005.0,grad,213.0
208,208,2005.0,grad,0.0
209,209,2005.0,grad,0.0
210,210,2005.0,grad,0.0
211,211,2005.0,grad,0.0
212,212,2005.0,grad,0.0
213,213,2005.0,grad,0.0
214,214,2005.0,grad,0.0
215,215,2005.0,grad,0.0
216,216,2005.0,grad,0.0
217,217,2005.0,grad,0.0
218,218,2005.0,grad,0.0
219,219,2005.0,grad,1.0
220,220,2005.0,grad,0.0
221,221,2005.0,grad,0.0
222,222,2005.0,grad,0.0
223,223,2005.0,grad,0.0
224,224,2005.0,grad,0.0
225,225,2005.0,grad,0.0
226,226,2005.0,grad,0.0
227,227,2005.0,grad,0.0
228,228,2005.0,grad,0.0
229,229,2006.0,grad,148.0
230,230,2006.0,grad,0.0
231,231,2006.0,grad,0.0
232,232,2006.0,grad,0.0
233,233,2006.0,grad,0.0
234,234,2006.0,grad,0.0
235,235,2006.0,grad,0.0
236,236,2006.0,grad,0.0
237,237,2006.0,grad,0.0
238,238,2006.0,grad,0.0
239,239,2006.0,grad,0.0
240,240,2006.0,grad,0.0
241,241,2006.0,grad,0.0
242,242,2006.0,grad,0.0
243,243,2006.0,grad,0.0
244,244,2006.0,grad,224.0
245,245,2006.0,grad,0.0
246,246,2006.0,grad,275.0
247,247,2006.0,grad,0.0
248,248,2006.0,grad,0.0
249,249,2006.0,grad,0.0
250,250,2006.0,grad,0.0
251,251,2006.0,grad,0.0
252,252,2006.0,grad,0.0
253,253,2006.0,grad,0.0
254,254,2006.0,grad,0.0
255,255,2006.0,grad,0.0
256,256,2006.0,grad,0.0
257,257,2006.0,grad,0.0
258,258,2006.0,grad,0.0
259,259,2006.0,grad,0.0
260,260,2006.0,grad,1.0
261,261,2006.0,grad,0.0
262,262,2006.0,grad,0.0
263,263,2006.0,grad,0.0
264,264,2006.0,grad,0.0
265,265,2006.0,grad,0.0
266,266,2006.0,grad,0.0
267,267,2006.0,grad,0.0
268,268,2006.0,grad,0.0
269,269,2007.0,grad,124.0
270,270,2007.0,grad,0.0
271,271,2007.0,grad,0.0
272,272,2007.0,grad,0.0
273,273,2007.0,grad,0.0
274,274,2007.0,grad,0.0
275,275,2007.0,grad,0.0
276,276,2007.0,grad,0.0
277,277,2007.0,grad,0.0
278,278,2007.0,grad,0.0
279,279,2007.0,grad,0.0
280,280,2007.0,grad,0.0
281,281,2007.0,grad,0.0
282,282,2007.0,grad,185.0
283,283,2007.0,grad,0.0
284,284,2007.0,grad,361.0
285,285,2007.0,grad,0.0
286,286,2007.0,grad,0.0
287,287,2007.0,grad,0.0
288,288,2007.0,grad,0.0
289,289,2007.0,grad,0.0
290,290,2007.0,grad,0.0
291,291,2007.0,grad,0.0
292,292,2007.0,grad,0.0
293,293,2007.0,grad,0.0
294,294,2007.0,grad,0.0
295,295,2007.0,grad,0.0
296,296,2007.0,grad,0.0
297,297,2007.0,grad,0.0
298,298,2007.0,grad,0.0
299,299,2007.0,grad,0.0
300,300,2007.0,grad,6.0
301,301,2007.0,grad,0.0
302,302,2007.0,grad,0.0
303,303,2007.0,grad,0.0
304,304,2007.0,grad,0.0
305,305,2007.0,grad,0.0
306,306,2007.0,grad,0.0
307,307,2007.0,grad,0.0
308,308,2007.0,grad,0.0
309,309,2007.0,grad,0.0
310,310,2008.0,grad,120.0
311,311,2008.0,grad,0.0
312,312,2008.0,grad,0.0
313,313,2008.0,grad,0.0
314,314,2008.0,grad,0.0
315,315,2008.0,grad,0.0
316,316,2008.0,grad,0.0
317,317,2008.0,grad,0.0
318,318,2008.0,grad,0.0
319,319,2008.0,grad,0.0
320,320,2008.0,grad,0.0
321,321,2008.0,grad,0.0
322,322,2008.0,grad,0.0
323,323,2008.0,grad,0.0
324,324,2008.0,grad,1.0
325,325,2008.0,grad,174.0
326,326,2008.0,grad,0.0
327,327,2008.0,grad,488.0
328,328,2008.0,grad,0.0
329,329,2008.0,grad,0.0
330,330,2008.0,grad,0.0
331,331,2008.0,grad,0.0
332,332,2008.0,grad,0.0
333,333,2008.0,grad,0.0
334,334,2008.0,grad,0.0
335,335,2008.0,grad,0.0
336,336,2008.0,grad,0.0
337,337,2008.0,grad,0.0
338,338,2008.0,grad,0.0
339,339,2008.0,grad,0.0
340,340,2008.0,grad,0.0
341,341,2008.0,grad,0.0
342,342,2008.0,grad,0.0
343,343,2008.0,grad,3.0
344,344,2008.0,grad,1.0
345,345,2008.0,grad,0.0
346,346,2008.0,grad,0.0
347,347,2008.0,grad,0.0
348,348,2008.0,grad,0.0
349,349,2008.0,grad,0.0
350,350,2008.0,grad,0.0
351,351,2008.0,grad,0.0
352,352,2008.0,grad,0.0
353,353,2008.0,grad,0.0
354,354,2009.0,grad,121.0
355,355,2009.0,grad,0.0
356,356,2009.0,grad,0.0
357,357,2009.0,grad,0.0
358,358,2009.0,grad,0.0
359,359,2009.0,grad,0.0
360,360,2009.0,grad,0.0
361,361,2009.0,grad,0.0
362,362,2009.0,grad,0.0
363,363,2009.0,grad,0.0
364,364,2009.0,grad,0.0
365,365,2009.0,grad,0.0
366,366,2009.0,grad,0.0
367,367,2009.0,grad,0.0
368,368,2009.0,grad,2.0
369,369,2009.0,grad,169.0
370,370,2009.0,grad,0.0
371,371,2009.0,grad,598.0
372,372,2009.0,grad,0.0
373,373,2009.0,grad,0.0
374,374,2009.0,grad,0.0
375,375,2009.0,grad,0.0
376,376,2009.0,grad,0.0
377,377,2009.0,grad,0.0
378,378,2009.0,grad,0.0
379,379,2009.0,grad,0.0
380,380,2009.0,grad,0.0
381,381,2009.0,grad,0.0
382,382,2009.0,grad,0.0
383,383,2009.0,grad,0.0
384,384,2009.0,grad,1.0
385,385,2009.0,grad,0.0
386,386,2009.0,grad,0.0
387,387,2009.0,grad,0.0
388,388,2009.0,grad,0.0
389,389,2009.0,grad,0.0
390,390,2009.0,grad,0.0
391,391,2009.0,grad,0.0
392,392,2009.0,grad,0.0
393,393,2009.0,grad,0.0
394,394,2010.0,grad,160.0
395,395,2010.0,grad,0.0
396,396,2010.0,grad,0.0
397,397,2010.0,grad,0.0
398,398,2010.0,grad,0.0
399,399,2010.0,grad,0.0
400,400,2010.0,grad,0.0
401,401,2010.0,grad,0.0
402,402,2010.0,grad,0.0
403,403,2010.0,grad,0.0
404,404,2010.0,grad,0.0
405,405,2010.0,grad,0.0
406,406,2010.0,grad,0.0
407,407,2010.0,grad,0.0
408,408,2010.0,grad,0.0
409,409,2010.0,grad,10.0
410,410,2010.0,grad,267.0
411,411,2010.0,grad,0.0
412,412,2010.0,grad,0.0
413,413,2010.0,grad,848.0
414,414,2010.0,grad,0.0
415,415,2010.0,grad,0.0
416,416,2010.0,grad,0.0
417,417,2010.0,grad,0.0
418,418,2010.0,grad,0.0
419,419,2010.0,grad,0.0
420,420,2010.0,grad,0.0
421,421,2010.0,grad,0.0
422,422,2010.0,grad,0.0
423,423,2010.0,grad,0.0
424,424,2010.0,grad,8.0
425,425,2010.0,grad,180.0
426,426,2010.0,grad,0.0
427,427,2010.0,grad,0.0
428,428,2010.0,grad,0.0
429,429,2010.0,grad,0.0
430,430,2010.0,grad,0.0
431,431,2010.0,grad,0.0
432,432,2010.0,grad,0.0
433,433,2010.0,grad,0.0
434,434,2011.0,grad,168.0
435,435,2011.0,grad,0.0
436,436,2011.0,grad,0.0
437,437,2011.0,grad,0.0
438,438,2011.0,grad,0.0
439,439,2011.0,grad,0.0
440,440,2011.0,grad,0.0
441,441,2011.0,grad,0.0
442,442,2011.0,grad,0.0
443,443,2011.0,grad,0.0
444,444,2011.0,grad,0.0
445,445,2011.0,grad,0.0
446,446,2011.0,grad,0.0
447,447,2011.0,grad,0.0
448,448,2011.0,grad,10.0
449,449,2011.0,grad,811.0
450,450,2011.0,grad,0.0
451,451,2011.0,grad,1015.0
452,452,2011.0,grad,0.0
453,453,2011.0,grad,0.0
454,454,2011.0,grad,0.0
455,455,2011.0,grad,0.0
456,456,2011.0,grad,0.0
457,457,2011.0,grad,0.0
458,458,2011.0,grad,1.0
459,459,2011.0,grad,0.0
460,460,2011.0,grad,0.0
461,461,2011.0,grad,0.0
462,462,2011.0,grad,0.0
463,463,2011.0,grad,0.0
464,464,2011.0,grad,3.0
465,465,2011.0,grad,0.0
466,466,2011.0,grad,10.0
467,467,2011.0,grad,428.0
468,468,2011.0,grad,0.0
469,469,2011.0,grad,0.0
470,470,2011.0,grad,0.0
471,471,2011.0,grad,0.0
472,472,2011.0,grad,0.0
473,473,2011.0,grad,0.0
474,474,2011.0,grad,0.0
475,475,2011.0,grad,0.0
476,476,2011.0,grad,0.0
477,477,2011.0,grad,0.0
478,478,2012.0,grad,572.0
479,479,2012.0,grad,1.0
480,480,2012.0,grad,22.0
481,481,2012.0,grad,0.0
482,482,2012.0,grad,0.0
483,483,2012.0,grad,0.0
484,484,2012.0,grad,74.0
485,485,2012.0,grad,0.0
486,486,2012.0,grad,0.0
487,487,2012.0,grad,0.0
488,488,2012.0,grad,0.0
489,489,2012.0,grad,1.0
490,490,2012.0,grad,0.0
491,491,2012.0,grad,0.0
492,492,2012.0,grad,0.0
493,493,2012.0,grad,24.0
494,494,2012.0,grad,10.0
495,495,2012.0,grad,2063.0
496,496,2012.0,grad,0.0
497,497,2012.0,grad,1754.0
498,498,2012.0,grad,0.0
499,499,2012.0,grad,0.0
500,500,2012.0,grad,0.0
501,501,2012.0,grad,0.0
502,502,2012.0,grad,0.0
503,503,2012.0,grad,284.0
504,504,2012.0,grad,4.0
505,505,2012.0,grad,0.0
506,506,2012.0,grad,0.0
507,507,2012.0,grad,0.0
508,508,2012.0,grad,0.0
509,509,2012.0,grad,0.0
510,510,2012.0,grad,0.0
511,511,2012.0,grad,0.0
512,512,2012.0,grad,29.0
513,513,2012.0,grad,0.0
514,514,2012.0,grad,2.0
515,515,2012.0,grad,871.0
516,516,2012.0,grad,479.0
517,517,2012.0,grad,0.0
518,518,2012.0,grad,0.0
519,519,2012.0,grad,0.0
520,520,2012.0,grad,0.0
521,521,2012.0,grad,0.0
522,522,2012.0,grad,0.0
523,523,2012.0,grad,0.0
524,524,2012.0,grad,0.0
525,525,2012.0,grad,0.0
526,526,2013.0,grad,2086.0
527,527,2013.0,grad,102.0
528,528,2013.0,grad,1254.0
529,529,2013.0,grad,17.0
530,530,2013.0,grad,0.0
531,531,2013.0,grad,0.0
532,532,2013.0,grad,1000.0
533,533,2013.0,grad,5.0
534,534,2013.0,grad,177.0
535,535,2013.0,grad,0.0
536,536,2013.0,grad,1.0
537,537,2013.0,grad,0.0
538,538,2013.0,grad,0.0
539,539,2013.0,grad,0.0
540,540,2013.0,grad,0.0
541,541,2013.0,grad,0.0
542,542,2013.0,grad,12.0
543,543,2013.0,grad,5669.0
544,544,2013.0,grad,0.0
545,545,2013.0,grad,2811.0
546,546,2013.0,grad,0.0
547,547,2013.0,grad,55.0
548,548,2013.0,grad,433.0
549,549,2013.0,grad,974.0
550,550,2013.0,grad,0.0
551,551,2013.0,grad,1702.0
552,552,2013.0,grad,51.0
553,553,2013.0,grad,0.0
554,554,2013.0,grad,0.0
555,555,2013.0,grad,9.0
556,556,2013.0,grad,0.0
557,557,2013.0,grad,62.0
558,558,2013.0,grad,0.0
559,559,2013.0,grad,0.0
560,560,2013.0,grad,0.0
561,561,2013.0,grad,0.0
562,562,2013.0,grad,0.0
563,563,2013.0,grad,986.0
564,564,2013.0,grad,504.0
565,565,2013.0,grad,0.0
566,566,2013.0,grad,0.0
567,567,2013.0,grad,0.0
568,568,2013.0,grad,47.0
569,569,2013.0,grad,0.0
570,570,2013.0,grad,0.0
571,571,2013.0,grad,0.0
572,572,2013.0,grad,0.0
573,573,2013.0,grad,2.0
574,574,2013.0,grad,1.0
575,575,2013.0,grad,0.0
576,576,2013.0,grad,1.0
577,577,2013.0,grad,11.0
578,578,2013.0,grad,0.0
579,579,2014.0,grad,4122.0
580,580,2014.0,grad,6.0
581,581,2014.0,grad,87.0
582,582,2014.0,grad,1322.0
583,583,2014.0,grad,12.0
584,584,2014.0,grad,0.0
585,585,2014.0,grad,0.0
586,586,2014.0,grad,7.0
587,587,2014.0,grad,1648.0
588,588,2014.0,grad,7.0
589,589,2014.0,grad,250.0
590,590,2014.0,grad,0.0
591,591,2014.0,grad,0.0
592,592,2014.0,grad,0.0
593,593,2014.0,grad,0.0
594,594,2014.0,grad,0.0
595,595,2014.0,grad,0.0
596,596,2014.0,grad,0.0
597,597,2014.0,grad,0.0
598,598,2014.0,grad,0.0
599,599,2014.0,grad,80.0
600,600,2014.0,grad,15006.0
601,601,2014.0,grad,0.0
602,602,2014.0,grad,3358.0
603,603,2014.0,grad,0.0
604,604,2014.0,grad,88.0
605,605,2014.0,grad,0.0
606,606,2014.0,grad,1775.0
607,607,2014.0,grad,2175.0
608,608,2014.0,grad,0.0
609,609,2014.0,grad,2376.0
610,610,2014.0,grad,269.0
611,611,2014.0,grad,0.0
612,612,2014.0,grad,51.0
613,613,2014.0,grad,0.0
614,614,2014.0,grad,255.0
615,615,2014.0,grad,0.0
616,616,2014.0,grad,0.0
617,617,2014.0,grad,0.0
618,618,2014.0,grad,0.0
619,619,2014.0,grad,0.0
620,620,2014.0,grad,671.0
621,621,2014.0,grad,249.0
622,622,2014.0,grad,0.0
623,623,2014.0,grad,0.0
624,624,2014.0,grad,0.0
625,625,2014.0,grad,0.0
626,626,2014.0,grad,136.0
627,627,2014.0,grad,0.0
628,628,2014.0,grad,3.0
629,629,2014.0,grad,0.0
630,630,2014.0,grad,6.0
631,631,2014.0,grad,3.0
632,632,2014.0,grad,1.0
633,633,2014.0,grad,0.0
634,634,2014.0,grad,28.0
635,635,2014.0,grad,0.0
636,636,2015.0,grad,3518.0
637,637,2015.0,grad,1.0
638,638,2015.0,grad,55.0
639,639,2015.0,grad,0.0
640,640,2015.0,grad,152.0
641,641,2015.0,grad,6.0
642,642,2015.0,grad,0.0
643,643,2015.0,grad,14.0
644,644,2015.0,grad,863.0
645,645,2015.0,grad,8.0
646,646,2015.0,grad,253.0
647,647,2015.0,grad,0.0
648,648,2015.0,grad,0.0
649,649,2015.0,grad,0.0
650,650,2015.0,grad,0.0
651,651,2015.0,grad,0.0
652,652,2015.0,grad,0.0
653,653,2015.0,grad,0.0
654,654,2015.0,grad,0.0
655,655,2015.0,grad,0.0
656,656,2015.0,grad,78.0
657,657,2015.0,grad,14497.0
658,658,2015.0,grad,0.0
659,659,2015.0,grad,3084.0
660,660,2015.0,grad,0.0
661,661,2015.0,grad,98.0
662,662,2015.0,grad,1685.0
663,663,2015.0,grad,2397.0
664,664,2015.0,grad,0.0
665,665,2015.0,grad,1456.0
666,666,2015.0,grad,394.0
667,667,2015.0,grad,0.0
668,668,2015.0,grad,0.0
669,669,2015.0,grad,38.0
670,670,2015.0,grad,2.0
671,671,2015.0,grad,249.0
672,672,2015.0,grad,0.0
673,673,2015.0,grad,1.0
674,674,2015.0,grad,0.0
675,675,2015.0,grad,0.0
676,676,2015.0,grad,0.0
677,677,2015.0,grad,223.0
678,678,2015.0,grad,0.0
679,679,2015.0,grad,218.0
680,680,2015.0,grad,0.0
681,681,2015.0,grad,0.0
682,682,2015.0,grad,0.0
683,683,2015.0,grad,246.0
684,684,2015.0,grad,0.0
685,685,2015.0,grad,4.0
686,686,2015.0,grad,0.0
687,687,2015.0,grad,3.0
688,688,2015.0,grad,0.0
689,689,2015.0,grad,3.0
690,690,2015.0,grad,0.0
691,691,2015.0,grad,0.0
692,692,2015.0,grad,33.0
693,693,2015.0,grad,0.0
694,694,2016.0,grad,1759.0
695,695,2016.0,grad,1.0
696,696,2016.0,grad,85.0
697,697,2016.0,grad,0.0
698,698,2016.0,grad,11.0
699,699,2016.0,grad,0.0
700,700,2016.0,grad,1.0
701,701,2016.0,grad,14.0
702,702,2016.0,grad,3.0
703,703,2016.0,grad,98.0
704,704,2016.0,grad,0.0
705,705,2016.0,grad,0.0
706,706,2016.0,grad,0.0
707,707,2016.0,grad,0.0
708,708,2016.0,grad,0.0
709,709,2016.0,grad,0.0
710,710,2016.0,grad,0.0
711,711,2016.0,grad,4.0
712,712,2016.0,grad,4169.0
713,713,2016.0,grad,0.0
714,714,2016.0,grad,2041.0
715,715,2016.0,grad,0.0
716,716,2016.0,grad,51.0
717,717,2016.0,grad,355.0
718,718,2016.0,grad,1060.0
719,719,2016.0,grad,0.0
720,720,2016.0,grad,478.0
721,721,2016.0,grad,169.0
722,722,2016.0,grad,0.0
723,723,2016.0,grad,7.0
724,724,2016.0,grad,1.0
725,725,2016.0,grad,56.0
726,726,2016.0,grad,0.0
727,727,2016.0,grad,5.0
728,728,2016.0,grad,0.0
729,729,2016.0,grad,0.0
730,730,2016.0,grad,0.0
731,731,2016.0,grad,52.0
732,732,2016.0,grad,0.0
733,733,2016.0,grad,3.0
734,734,2016.0,grad,0.0
735,735,2016.0,grad,155.0
736,736,2016.0,grad,0.0
737,737,2016.0,grad,2.0
738,738,2016.0,grad,0.0
739,739,2016.0,grad,0.0
740,740,2016.0,grad,3.0
741,741,2016.0,grad,0.0
742,742,2016.0,grad,10.0
743,743,2016.0,grad,0.0
744,744,2017.0,grad,28.0
745,745,2017.0,grad,0.0
746,746,2017.0,grad,59.0
747,747,2017.0,grad,2.0
748,748,2017.0,grad,15.0
749,749,2017.0,grad,0.0
750,750,2017.0,grad,7.0
751,751,2017.0,grad,0.0
752,752,2017.0,grad,2.0
753,753,2017.0,grad,0.0
754,754,2017.0,grad,26.0
755,755,2017.0,grad,5.0
756,756,2017.0,grad,0.0
757,757,2017.0,grad,0.0
758,758,2017.0,grad,0.0
759,759,2017.0,grad,0.0
760,760,2017.0,grad,0.0
761,761,2017.0,grad,0.0
762,762,2017.0,grad,0.0
763,763,2017.0,grad,0.0
764,764,2017.0,grad,3.0
765,765,2017.0,grad,17.0
766,766,2017.0,grad,0.0
767,767,2017.0,grad,0.0
768,768,2017.0,grad,0.0
769,769,2017.0,grad,1339.0
770,770,2017.0,grad,0.0
771,771,2017.0,grad,0.0
772,772,2017.0,grad,2.0
773,773,2017.0,grad,13.0
774,774,2017.0,grad,0.0
775,775,2017.0,grad,0.0
776,776,2017.0,grad,1.0
777,777,2017.0,grad,0.0
778,778,2017.0,grad,5.0
779,779,2017.0,grad,0.0
780,780,2017.0,grad,0.0
781,781,2017.0,grad,0.0
782,782,2017.0,grad,0.0
783,783,2017.0,grad,14.0
784,784,2017.0,grad,4.0
785,785,2017.0,grad,0.0
786,786,2017.0,grad,0.0
787,787,2017.0,grad,0.0
788,788,2017.0,grad,0.0
789,789,2017.0,grad,0.0
790,790,2017.0,grad,5.0
791,791,2017.0,grad,0.0
792,792,2017.0,grad,0.0
793,793,2017.0,grad,108.0
794,794,2017.0,grad,0.0
795,795,2017.0,grad,4.0
796,796,2017.0,grad,0.0
797,797,2017.0,grad,0.0
798,798,2017.0,grad,1.0
799,799,2017.0,grad,2.0
800,800,2017.0,grad,1.0
801,801,2017.0,grad,0.0
802,802,2017.0,grad,0.0
803,803,2017.0,grad,0.0
804,804,2017.0,grad,1.0
805,805,2017.0,grad,0.0
806,806,2017.0,grad,4.0
807,807,2017.0,grad,0.0
808,808,2017.0,grad,0.0
809,809,2017.0,grad,0.0
810,810,2018.0,grad,12.0
811,811,2018.0,grad,0.0
812,812,2018.0,grad,68.0
813,813,2018.0,grad,2.0
814,814,2018.0,grad,0.0
815,815,2018.0,grad,10.0
816,816,2018.0,grad,0.0
817,817,2018.0,grad,1.0
818,818,2018.0,grad,0.0
819,819,2018.0,grad,5.0
820,820,2018.0,grad,0.0
821,821,2018.0,grad,0.0
822,822,2018.0,grad,12.0
823,823,2018.0,grad,0.0
824,824,2018.0,grad,0.0
825,825,2018.0,grad,0.0
826,826,2018.0,grad,0.0
827,827,2018.0,grad,1.0
828,828,2018.0,grad,0.0
829,829,2018.0,grad,0.0
830,830,2018.0,grad,8.0
831,831,2018.0,grad,20.0
832,832,2018.0,grad,0.0
833,833,2018.0,grad,0.0
834,834,2018.0,grad,1273.0
835,835,2018.0,grad,0.0
836,836,2018.0,grad,2.0
837,837,2018.0,grad,9.0
838,838,2018.0,grad,0.0
839,839,2018.0,grad,0.0
840,840,2018.0,grad,0.0
841,841,2018.0,grad,0.0
842,842,2018.0,grad,5.0
843,843,2018.0,grad,0.0
844,844,2018.0,grad,1.0
845,845,2018.0,grad,0.0
846,846,2018.0,grad,10.0
847,847,2018.0,grad,7.0
848,848,2018.0,grad,0.0
849,849,2018.0,grad,0.0
850,850,2018.0,grad,1.0
851,851,2018.0,grad,0.0
852,852,2018.0,grad,0.0
853,853,2018.0,grad,0.0
854,854,2018.0,grad,0.0
855,855,2018.0,grad,124.0
856,856,2018.0,grad,104.0
857,857,2018.0,grad,0.0
858,858,2018.0,grad,0.0
859,859,2018.0,grad,0.0
860,860,2018.0,grad,1.0
861,861,2018.0,grad,2.0
862,862,2018.0,grad,0.0
863,863,2018.0,grad,0.0
864,864,2018.0,grad,0.0
865,865,2018.0,grad,2.0
866,866,2018.0,grad,7.0
867,867,2018.0,grad,0.0
868,868,2018.0,grad,0.0
869,869,2018.0,grad,0.0
870,0,1998,pos,79.0
871,1,1998,pos,0.0
872,2,1998,pos,0.0
873,3,1998,pos,0.0
874,4,1998,pos,0.0
875,5,1998,pos,0.0
876,6,1998,pos,0.0
877,7,1998,pos,0.0
878,8,1998,pos,24.0
879,9,1998,pos,0.0
880,10,1998,pos,0.0
881,11,1998,pos,0.0
882,12,1998,pos,0.0
883,13,1998,pos,0.0
884,14,1998,pos,0.0
885,15,1998,pos,0.0
886,16,1998,pos,0.0
887,17,1998,pos,0.0
888,18,1998,pos,0.0
889,19,1998,pos,0.0
890,20,1998,pos,0.0
891,21,1998,pos,0.0
892,22,1998,pos,0.0
893,23,1998,pos,0.0
894,24,1998,pos,0.0
895,25,1998,pos,0.0
896,26,1998,pos,0.0
897,27,1998,pos,0.0
898,28,1998,pos,0.0
899,29,1999,pos,178.0
900,30,1999,pos,0.0
901,31,1999,pos,0.0
902,32,1999,pos,0.0
903,33,1999,pos,0.0
904,34,1999,pos,0.0
905,35,1999,pos,0.0
906,36,1999,pos,0.0
907,37,1999,pos,0.0
908,38,1999,pos,67.0
909,39,1999,pos,0.0
910,40,1999,pos,99.0
911,41,1999,pos,0.0
912,42,1999,pos,0.0
913,43,1999,pos,0.0
914,44,1999,pos,0.0
915,45,1999,pos,0.0
916,46,1999,pos,0.0
917,47,1999,pos,0.0
918,48,1999,pos,0.0
919,49,1999,pos,0.0
920,50,1999,pos,0.0
921,51,1999,pos,0.0
922,52,1999,pos,0.0
923,53,1999,pos,0.0
924,54,1999,pos,0.0
925,55,1999,pos,0.0
926,56,2000,pos,198.0
927,57,2000,pos,0.0
928,58,2000,pos,0.0
929,59,2000,pos,0.0
930,60,2000,pos,0.0
931,61,2000,pos,0.0
932,62,2000,pos,0.0
933,63,2000,pos,0.0
934,64,2000,pos,0.0
935,65,2000,pos,76.0
936,66,2000,pos,0.0
937,67,2000,pos,196.0
938,68,2000,pos,0.0
939,69,2000,pos,0.0
940,70,2000,pos,0.0
941,71,2000,pos,0.0
942,72,2000,pos,0.0
943,73,2000,pos,0.0
944,74,2000,pos,0.0
945,75,2000,pos,0.0
946,76,2000,pos,0.0
947,77,2000,pos,0.0
948,78,2000,pos,0.0
949,79,2000,pos,0.0
950,80,2000,pos,0.0
951,81,2000,pos,0.0
952,82,2001,pos,188.0
953,83,2001,pos,0.0
954,84,2001,pos,0.0
955,85,2001,pos,0.0
956,86,2001,pos,0.0
957,87,2001,pos,0.0
958,88,2001,pos,0.0
959,89,2001,pos,0.0
960,90,2001,pos,0.0
961,91,2001,pos,33.0
962,92,2001,pos,0.0
963,93,2001,pos,197.0
964,94,2001,pos,0.0
965,95,2001,pos,0.0
966,96,2001,pos,0.0
967,97,2001,pos,0.0
968,98,2001,pos,0.0
969,99,2001,pos,0.0
970,100,2001,pos,0.0
971,101,2001,pos,0.0
972,102,2001,pos,0.0
973,103,2001,pos,0.0
974,104,2001,pos,0.0
975,105,2001,pos,0.0
976,106,2001,pos,0.0
977,107,2001,pos,0.0
978,108,2001,pos,0.0
979,109,2002,pos,126.0
980,110,2002,pos,0.0
981,111,2002,pos,0.0
982,112,2002,pos,0.0
983,113,2002,pos,0.0
984,114,2002,pos,0.0
985,115,2002,pos,0.0
986,116,2002,pos,0.0
987,117,2002,pos,0.0
988,118,2002,pos,0.0
989,119,2002,pos,0.0
990,120,2002,pos,0.0
991,121,2002,pos,42.0
992,122,2002,pos,0.0
993,123,2002,pos,100.0
994,124,2002,pos,0.0
995,125,2002,pos,0.0
996,126,2002,pos,0.0
997,127,2002,pos,0.0
998,128,2002,pos,0.0
999,129,2002,pos,0.0
1000,130,2002,pos,0.0
1001,131,2002,pos,0.0
1002,132,2002,pos,0.0
1003,133,2002,pos,0.0
1004,134,2002,pos,0.0
1005,135,2002,pos,0.0
1006,136,2002,pos,0.0
1007,137,2002,pos,0.0
1008,138,2003,pos,91.0
1009,139,2003,pos,0.0
1010,140,2003,pos,0.0
1011,141,2003,pos,0.0
1012,142,2003,pos,0.0
1013,143,2003,pos,0.0
1014,144,2003,pos,0.0
1015,145,2003,pos,0.0
1016,146,2003,pos,0.0
1017,147,2003,pos,0.0
1018,148,2003,pos,128.0
1019,149,2003,pos,0.0
1020,150,2003,pos,34.0
1021,151,2003,pos,0.0
1022,152,2003,pos,0.0
1023,153,2003,pos,0.0
1024,154,2003,pos,0.0
1025,155,2003,pos,0.0
1026,156,2003,pos,0.0
1027,157,2003,pos,0.0
1028,158,2003,pos,0.0
1029,159,2003,pos,0.0
1030,160,2003,pos,0.0
1031,161,2003,pos,0.0
1032,162,2003,pos,0.0
1033,163,2003,pos,0.0
1034,164,2003,pos,0.0
1035,165,2004,pos,119.0
1036,166,2004,pos,0.0
1037,167,2004,pos,0.0
1038,168,2004,pos,0.0
1039,169,2004,pos,0.0
1040,170,2004,pos,0.0
1041,171,2004,pos,0.0
1042,172,2004,pos,0.0
1043,173,2004,pos,0.0
1044,174,2004,pos,0.0
1045,175,2004,pos,196.0
1046,176,2004,pos,0.0
1047,177,2004,pos,107.0
1048,178,2004,pos,0.0
1049,179,2004,pos,0.0
1050,180,2004,pos,0.0
1051,181,2004,pos,0.0
1052,182,2004,pos,0.0
1053,183,2004,pos,0.0
1054,184,2004,pos,0.0
1055,185,2004,pos,0.0
1056,186,2004,pos,0.0
1057,187,2004,pos,0.0
1058,188,2004,pos,0.0
1059,189,2004,pos,0.0
1060,190,2004,pos,0.0
1061,191,2004,pos,0.0
1062,192,2004,pos,0.0
1063,193,2004,pos,0.0
1064,194,2004,pos,0.0
1065,195,2005,pos,155.0
1066,196,2005,pos,0.0
1067,197,2005,pos,0.0
1068,198,2005,pos,0.0
1069,199,2005,pos,0.0
1070,200,2005,pos,0.0
1071,201,2005,pos,0.0
1072,202,2005,pos,0.0
1073,203,2005,pos,0.0
1074,204,2005,pos,0.0
1075,205,2005,pos,253.0
1076,206,2005,pos,0.0
1077,207,2005,pos,213.0
1078,208,2005,pos,0.0
1079,209,2005,pos,0.0
1080,210,2005,pos,0.0
1081,211,2005,pos,0.0
1082,212,2005,pos,0.0
1083,213,2005,pos,0.0
1084,214,2005,pos,0.0
1085,215,2005,pos,0.0
1086,216,2005,pos,0.0
1087,217,2005,pos,0.0
1088,218,2005,pos,0.0
1089,219,2005,pos,1.0
1090,220,2005,pos,0.0
1091,221,2005,pos,0.0
1092,222,2005,pos,0.0
1093,223,2005,pos,0.0
1094,224,2005,pos,0.0
1095,225,2005,pos,0.0
1096,226,2005,pos,0.0
1097,227,2005,pos,0.0
1098,228,2005,pos,0.0
1099,229,2006,pos,148.0
1100,230,2006,pos,0.0
1101,231,2006,pos,0.0
1102,232,2006,pos,0.0
1103,233,2006,pos,0.0
1104,234,2006,pos,0.0
1105,235,2006,pos,0.0
1106,236,2006,pos,0.0
1107,237,2006,pos,0.0
1108,238,2006,pos,0.0
1109,239,2006,pos,0.0
1110,240,2006,pos,0.0
1111,241,2006,pos,0.0
1112,242,2006,pos,0.0
1113,243,2006,pos,0.0
1114,244,2006,pos,224.0
1115,245,2006,pos,0.0
1116,246,2006,pos,275.0
1117,247,2006,pos,0.0
1118,248,2006,pos,0.0
1119,249,2006,pos,0.0
1120,250,2006,pos,0.0
1121,251,2006,pos,0.0
1122,252,2006,pos,0.0
1123,253,2006,pos,0.0
1124,254,2006,pos,0.0
1125,255,2006,pos,0.0
1126,256,2006,pos,0.0
1127,257,2006,pos,0.0
1128,258,2006,pos,0.0
1129,259,2006,pos,0.0
1130,260,2006,pos,1.0
1131,261,2006,pos,0.0
1132,262,2006,pos,0.0
1133,263,2006,pos,0.0
1134,264,2006,pos,0.0
1135,265,2006,pos,0.0
1136,266,2006,pos,0.0
1137,267,2006,pos,0.0
1138,268,2006,pos,0.0
1139,269,2007,pos,124.0
1140,270,2007,pos,0.0
1141,271,2007,pos,0.0
1142,272,2007,pos,0.0
1143,273,2007,pos,0.0
1144,274,2007,pos,0.0
1145,275,2007,pos,0.0
1146,276,2007,pos,0.0
1147,277,2007,pos,0.0
1148,278,2007,pos,0.0
1149,279,2007,pos,0.0
1150,280,2007,pos,0.0
1151,281,2007,pos,0.0
1152,282,2007,pos,185.0
1153,283,2007,pos,0.0
1154,284,2007,pos,361.0
1155,285,2007,pos,0.0
1156,286,2007,pos,0.0
1157,287,2007,pos,0.0
1158,288,2007,pos,0.0
1159,289,2007,pos,0.0
1160,290,2007,pos,0.0
1161,291,2007,pos,0.0
1162,292,2007,pos,0.0
1163,293,2007,pos,0.0
1164,294,2007,pos,0.0
1165,295,2007,pos,0.0
1166,296,2007,pos,0.0
1167,297,2007,pos,0.0
1168,298,2007,pos,0.0
1169,299,2007,pos,0.0
1170,300,2007,pos,6.0
1171,301,2007,pos,0.0
1172,302,2007,pos,0.0
1173,303,2007,pos,0.0
1174,304,2007,pos,0.0
1175,305,2007,pos,0.0
1176,306,2007,pos,0.0
1177,307,2007,pos,0.0
1178,308,2007,pos,0.0
1179,309,2007,pos,0.0
1180,310,2008,pos,120.0
1181,311,2008,pos,0.0
1182,312,2008,pos,0.0
1183,313,2008,pos,0.0
1184,314,2008,pos,0.0
1185,315,2008,pos,0.0
1186,316,2008,pos,0.0
1187,317,2008,pos,0.0
1188,318,2008,pos,0.0
1189,319,2008,pos,0.0
1190,320,2008,pos,0.0
1191,321,2008,pos,0.0
1192,322,2008,pos,0.0
1193,323,2008,pos,0.0
1194,324,2008,pos,1.0
1195,325,2008,pos,174.0
1196,326,2008,pos,0.0
1197,327,2008,pos,488.0
1198,328,2008,pos,0.0
1199,329,2008,pos,0.0
1200,330,2008,pos,0.0
1201,331,2008,pos,0.0
1202,332,2008,pos,0.0
1203,333,2008,pos,0.0
1204,334,2008,pos,0.0
1205,335,2008,pos,0.0
1206,336,2008,pos,0.0
1207,337,2008,pos,0.0
1208,338,2008,pos,0.0
1209,339,2008,pos,0.0
1210,340,2008,pos,0.0
1211,341,2008,pos,0.0
1212,342,2008,pos,0.0
1213,343,2008,pos,3.0
1214,344,2008,pos,1.0
1215,345,2008,pos,0.0
1216,346,2008,pos,0.0
1217,347,2008,pos,0.0
1218,348,2008,pos,0.0
1219,349,2008,pos,0.0
1220,350,2008,pos,0.0
1221,351,2008,pos,0.0
1222,352,2008,pos,0.0
1223,353,2008,pos,0.0
1224,354,2009,pos,121.0
1225,355,2009,pos,0.0
1226,356,2009,pos,0.0
1227,357,2009,pos,0.0
1228,358,2009,pos,0.0
1229,359,2009,pos,0.0
1230,360,2009,pos,0.0
1231,361,2009,pos,0.0
1232,362,2009,pos,0.0
1233,363,2009,pos,0.0
1234,364,2009,pos,0.0
1235,365,2009,pos,0.0
1236,366,2009,pos,0.0
1237,367,2009,pos,0.0
1238,368,2009,pos,2.0
1239,369,2009,pos,169.0
1240,370,2009,pos,0.0
1241,371,2009,pos,598.0
1242,372,2009,pos,0.0
1243,373,2009,pos,0.0
1244,374,2009,pos,0.0
1245,375,2009,pos,0.0
1246,376,2009,pos,0.0
1247,377,2009,pos,0.0
1248,378,2009,pos,0.0
1249,379,2009,pos,0.0
1250,380,2009,pos,0.0
1251,381,2009,pos,0.0
1252,382,2009,pos,0.0
1253,383,2009,pos,0.0
1254,384,2009,pos,1.0
1255,385,2009,pos,0.0
1256,386,2009,pos,0.0
1257,387,2009,pos,0.0
1258,388,2009,pos,0.0
1259,389,2009,pos,0.0
1260,390,2009,pos,0.0
1261,391,2009,pos,0.0
1262,392,2009,pos,0.0
1263,393,2009,pos,0.0
1264,394,2010,pos,160.0
1265,395,2010,pos,0.0
1266,396,2010,pos,0.0
1267,397,2010,pos,0.0
1268,398,2010,pos,0.0
1269,399,2010,pos,0.0
1270,400,2010,pos,0.0
1271,401,2010,pos,0.0
1272,402,2010,pos,0.0
1273,403,2010,pos,0.0
1274,404,2010,pos,0.0
1275,405,2010,pos,0.0
1276,406,2010,pos,0.0
1277,407,2010,pos,0.0
1278,408,2010,pos,0.0
1279,409,2010,pos,10.0
1280,410,2010,pos,267.0
1281,411,2010,pos,0.0
1282,412,2010,pos,0.0
1283,413,2010,pos,848.0
1284,414,2010,pos,0.0
1285,415,2010,pos,0.0
1286,416,2010,pos,0.0
1287,417,2010,pos,0.0
1288,418,2010,pos,0.0
1289,419,2010,pos,0.0
1290,420,2010,pos,0.0
1291,421,2010,pos,0.0
1292,422,2010,pos,0.0
1293,423,2010,pos,0.0
1294,424,2010,pos,8.0
1295,425,2010,pos,180.0
1296,426,2010,pos,0.0
1297,427,2010,pos,0.0
1298,428,2010,pos,0.0
1299,429,2010,pos,0.0
1300,430,2010,pos,0.0
1301,431,2010,pos,0.0
1302,432,2010,pos,0.0
1303,433,2010,pos,0.0
1304,434,2011,pos,168.0
1305,435,2011,pos,0.0
1306,436,2011,pos,0.0
1307,437,2011,pos,0.0
1308,438,2011,pos,0.0
1309,439,2011,pos,0.0
1310,440,2011,pos,0.0
1311,441,2011,pos,0.0
1312,442,2011,pos,0.0
1313,443,2011,pos,0.0
1314,444,2011,pos,0.0
1315,445,2011,pos,0.0
1316,446,2011,pos,0.0
1317,447,2011,pos,0.0
1318,448,2011,pos,10.0
1319,449,2011,pos,811.0
1320,450,2011,pos,0.0
1321,451,2011,pos,1015.0
1322,452,2011,pos,0.0
1323,453,2011,pos,0.0
1324,454,2011,pos,0.0
1325,455,2011,pos,0.0
1326,456,2011,pos,0.0
1327,457,2011,pos,0.0
1328,458,2011,pos,1.0
1329,459,2011,pos,0.0
1330,460,2011,pos,0.0
1331,461,2011,pos,0.0
1332,462,2011,pos,0.0
1333,463,2011,pos,0.0
1334,464,2011,pos,3.0
1335,465,2011,pos,0.0
1336,466,2011,pos,10.0
1337,467,2011,pos,428.0
1338,468,2011,pos,0.0
1339,469,2011,pos,0.0
1340,470,2011,pos,0.0
1341,471,2011,pos,0.0
1342,472,2011,pos,0.0
1343,473,2011,pos,0.0
1344,474,2011,pos,0.0
1345,475,2011,pos,0.0
1346,476,2011,pos,0.0
1347,477,2011,pos,0.0
1348,478,2012,pos,572.0
1349,479,2012,pos,1.0
1350,480,2012,pos,22.0
1351,481,2012,pos,0.0
1352,482,2012,pos,0.0
1353,483,2012,pos,0.0
1354,484,2012,pos,74.0
1355,485,2012,pos,0.0
1356,486,2012,pos,0.0
1357,487,2012,pos,0.0
1358,488,2012,pos,0.0
1359,489,2012,pos,1.0
1360,490,2012,pos,0.0
1361,491,2012,pos,0.0
1362,492,2012,pos,0.0
1363,493,2012,pos,24.0
1364,494,2012,pos,10.0
1365,495,2012,pos,2063.0
1366,496,2012,pos,0.0
1367,497,2012,pos,1754.0
1368,498,2012,pos,0.0
1369,499,2012,pos,0.0
1370,500,2012,pos,0.0
1371,501,2012,pos,0.0
1372,502,2012,pos,0.0
1373,503,2012,pos,284.0
1374,504,2012,pos,4.0
1375,505,2012,pos,0.0
1376,506,2012,pos,0.0
1377,507,2012,pos,0.0
1378,508,2012,pos,0.0
1379,509,2012,pos,0.0
1380,510,2012,pos,0.0
1381,511,2012,pos,0.0
1382,512,2012,pos,29.0
1383,513,2012,pos,0.0
1384,514,2012,pos,2.0
1385,515,2012,pos,871.0
1386,516,2012,pos,479.0
1387,517,2012,pos,0.0
1388,518,2012,pos,0.0
1389,519,2012,pos,0.0
1390,520,2012,pos,0.0
1391,521,2012,pos,0.0
1392,522,2012,pos,0.0
1393,523,2012,pos,0.0
1394,524,2012,pos,0.0
1395,525,2012,pos,0.0
1396,526,2013,pos,2086.0
1397,527,2013,pos,102.0
1398,528,2013,pos,1254.0
1399,529,2013,pos,17.0
1400,530,2013,pos,0.0
1401,531,2013,pos,0.0
1402,532,2013,pos,1000.0
1403,533,2013,pos,5.0
1404,534,2013,pos,177.0
1405,535,2013,pos,0.0
1406,536,2013,pos,1.0
1407,537,2013,pos,0.0
1408,538,2013,pos,0.0
1409,539,2013,pos,0.0
1410,540,2013,pos,0.0
1411,541,2013,pos,0.0
1412,542,2013,pos,12.0
1413,543,2013,pos,5669.0
1414,544,2013,pos,0.0
1415,545,2013,pos,2811.0
1416,546,2013,pos,0.0
1417,547,2013,pos,55.0
1418,548,2013,pos,433.0
1419,549,2013,pos,974.0
1420,550,2013,pos,0.0
1421,551,2013,pos,1702.0
1422,552,2013,pos,51.0
1423,553,2013,pos,0.0
1424,554,2013,pos,0.0
1425,555,2013,pos,9.0
1426,556,2013,pos,0.0
1427,557,2013,pos,62.0
1428,558,2013,pos,0.0
1429,559,2013,pos,0.0
1430,560,2013,pos,0.0
1431,561,2013,pos,0.0
1432,562,2013,pos,0.0
1433,563,2013,pos,986.0
1434,564,2013,pos,504.0
1435,565,2013,pos,0.0
1436,566,2013,pos,0.0
1437,567,2013,pos,0.0
1438,568,2013,pos,47.0
1439,569,2013,pos,0.0
1440,570,2013,pos,0.0
1441,571,2013,pos,0.0
1442,572,2013,pos,0.0
1443,573,2013,pos,2.0
1444,574,2013,pos,1.0
1445,575,2013,pos,0.0
1446,576,2013,pos,1.0
1447,577,2013,pos,11.0
1448,578,2013,pos,0.0
1449,579,2014,pos,4122.0
1450,580,2014,pos,6.0
1451,581,2014,pos,87.0
1452,582,2014,pos,1322.0
1453,583,2014,pos,12.0
1454,584,2014,pos,0.0
1455,585,2014,pos,0.0
1456,586,2014,pos,7.0
1457,587,2014,pos,1648.0
1458,588,2014,pos,7.0
1459,589,2014,pos,250.0
1460,590,2014,pos,0.0
1461,591,2014,pos,0.0
1462,592,2014,pos,0.0
1463,593,2014,pos,0.0
1464,594,2014,pos,0.0
1465,595,2014,pos,0.0
1466,596,2014,pos,0.0
1467,597,2014,pos,0.0
1468,598,2014,pos,0.0
1469,599,2014,pos,80.0
1470,600,2014,pos,15006.0
1471,601,2014,pos,0.0
1472,602,2014,pos,3358.0
1473,603,2014,pos,0.0
1474,604,2014,pos,88.0
1475,605,2014,pos,0.0
1476,606,2014,pos,1775.0
1477,607,2014,pos,2175.0
1478,608,2014,pos,0.0
1479,609,2014,pos,2376.0
1480,610,2014,pos,269.0
1481,611,2014,pos,0.0
1482,612,2014,pos,51.0
1483,613,2014,pos,0.0
1484,614,2014,pos,255.0
1485,615,2014,pos,0.0
1486,616,2014,pos,0.0
1487,617,2014,pos,0.0
1488,618,2014,pos,0.0
1489,619,2014,pos,0.0
1490,620,2014,pos,671.0
1491,621,2014,pos,249.0
1492,622,2014,pos,0.0
1493,623,2014,pos,0.0
1494,624,2014,pos,0.0
1495,625,2014,pos,0.0
1496,626,2014,pos,136.0
1497,627,2014,pos,0.0
1498,628,2014,pos,3.0
1499,629,2014,pos,0.0
1500,630,2014,pos,6.0
1501,631,2014,pos,3.0
1502,632,2014,pos,1.0
1503,633,2014,pos,0.0
1504,634,2014,pos,28.0
1505,635,2014,pos,0.0
1506,636,2015,pos,3518.0
1507,637,2015,pos,1.0
1508,638,2015,pos,55.0
1509,639,2015,pos,0.0
1510,640,2015,pos,152.0
1511,641,2015,pos,6.0
1512,642,2015,pos,0.0
1513,643,2015,pos,14.0
1514,644,2015,pos,863.0
1515,645,2015,pos,8.0
1516,646,2015,pos,253.0
1517,647,2015,pos,0.0
1518,648,2015,pos,0.0
1519,649,2015,pos,0.0
1520,650,2015,pos,0.0
1521,651,2015,pos,0.0
1522,652,2015,pos,0.0
1523,653,2015,pos,0.0
1524,654,2015,pos,0.0
1525,655,2015,pos,0.0
1526,656,2015,pos,78.0
1527,657,2015,pos,14497.0
1528,658,2015,pos,0.0
1529,659,2015,pos,3084.0
1530,660,2015,pos,0.0
1531,661,2015,pos,98.0
1532,662,2015,pos,1685.0
1533,663,2015,pos,2397.0
1534,664,2015,pos,0.0
1535,665,2015,pos,1456.0
1536,666,2015,pos,394.0
1537,667,2015,pos,0.0
1538,668,2015,pos,0.0
1539,669,2015,pos,38.0
1540,670,2015,pos,2.0
1541,671,2015,pos,249.0
1542,672,2015,pos,0.0
1543,673,2015,pos,1.0
1544,674,2015,pos,0.0
1545,675,2015,pos,0.0
1546,676,2015,pos,0.0
1547,677,2015,pos,223.0
1548,678,2015,pos,0.0
1549,679,2015,pos,218.0
1550,680,2015,pos,0.0
1551,681,2015,pos,0.0
1552,682,2015,pos,0.0
1553,683,2015,pos,246.0
1554,684,2015,pos,0.0
1555,685,2015,pos,4.0
1556,686,2015,pos,0.0
1557,687,2015,pos,3.0
1558,688,2015,pos,0.0
1559,689,2015,pos,3.0
1560,690,2015,pos,0.0
1561,691,2015,pos,0.0
1562,692,2015,pos,33.0
1563,693,2015,pos,0.0
1564,694,2016,pos,1759.0
1565,695,2016,pos,1.0
1566,696,2016,pos,85.0
1567,697,2016,pos,0.0
1568,698,2016,pos,11.0
1569,699,2016,pos,0.0
1570,700,2016,pos,1.0
1571,701,2016,pos,14.0
1572,702,2016,pos,3.0
1573,703,2016,pos,98.0
1574,704,2016,pos,0.0
1575,705,2016,pos,0.0
1576,706,2016,pos,0.0
1577,707,2016,pos,0.0
1578,708,2016,pos,0.0
1579,709,2016,pos,0.0
1580,710,2016,pos,0.0
1581,711,2016,pos,4.0
1582,712,2016,pos,4169.0
1583,713,2016,pos,0.0
1584,714,2016,pos,2041.0
1585,715,2016,pos,0.0
1586,716,2016,pos,51.0
1587,717,2016,pos,355.0
1588,718,2016,pos,1060.0
1589,719,2016,pos,0.0
1590,720,2016,pos,478.0
1591,721,2016,pos,169.0
1592,722,2016,pos,0.0
1593,723,2016,pos,7.0
1594,724,2016,pos,1.0
1595,725,2016,pos,56.0
1596,726,2016,pos,0.0
1597,727,2016,pos,5.0
1598,728,2016,pos,0.0
1599,729,2016,pos,0.0
1600,730,2016,pos,0.0
1601,731,2016,pos,52.0
1602,732,2016,pos,0.0
1603,733,2016,pos,3.0
1604,734,2016,pos,0.0
1605,735,2016,pos,155.0
1606,736,2016,pos,0.0
1607,737,2016,pos,2.0
1608,738,2016,pos,0.0
1609,739,2016,pos,0.0
1610,740,2016,pos,3.0
1611,741,2016,pos,0.0
1612,742,2016,pos,10.0
1613,743,2016,pos,0.0
1614,744,2017,pos,28.0
1615,745,2017,pos,0.0
1616,746,2017,pos,59.0
1617,747,2017,pos,2.0
1618,748,2017,pos,15.0
1619,749,2017,pos,0.0
1620,750,2017,pos,7.0
1621,751,2017,pos,0.0
1622,752,2017,pos,2.0
1623,753,2017,pos,0.0
1624,754,2017,pos,26.0
1625,755,2017,pos,5.0
1626,756,2017,pos,0.0
1627,757,2017,pos,0.0
1628,758,2017,pos,0.0
1629,759,2017,pos,0.0
1630,760,2017,pos,0.0
1631,761,2017,pos,0.0
1632,762,2017,pos,0.0
1633,763,2017,pos,0.0
1634,764,2017,pos,3.0
1635,765,2017,pos,17.0
1636,766,2017,pos,0.0
1637,767,2017,pos,0.0
1638,768,2017,pos,0.0
1639,769,2017,pos,1339.0
1640,770,2017,pos,0.0
1641,771,2017,pos,0.0
1642,772,2017,pos,2.0
1643,773,2017,pos,13.0
1644,774,2017,pos,0.0
1645,775,2017,pos,0.0
1646,776,2017,pos,1.0
1647,777,2017,pos,0.0
1648,778,2017,pos,5.0
1649,779,2017,pos,0.0
1650,780,2017,pos,0.0
1651,781,2017,pos,0.0
1652,782,2017,pos,0.0
1653,783,2017,pos,14.0
1654,784,2017,pos,4.0
1655,785,2017,pos,0.0
1656,786,2017,pos,0.0
1657,787,2017,pos,0.0
1658,788,2017,pos,0.0
1659,789,2017,pos,0.0
1660,790,2017,pos,5.0
1661,791,2017,pos,0.0
1662,792,2017,pos,0.0
1663,793,2017,pos,108.0
1664,794,2017,pos,0.0
1665,795,2017,pos,4.0
1666,796,2017,pos,0.0
1667,797,2017,pos,0.0
1668,798,2017,pos,1.0
1669,799,2017,pos,2.0
1670,800,2017,pos,1.0
1671,801,2017,pos,0.0
1672,802,2017,pos,0.0
1673,803,2017,pos,0.0
1674,804,2017,pos,1.0
1675,805,2017,pos,0.0
1676,806,2017,pos,4.0
1677,807,2017,pos,0.0
1678,808,2017,pos,0.0
1679,809,2017,pos,0.0
1680,810,2018,pos,12.0
1681,811,2018,pos,0.0
1682,812,2018,pos,68.0
1683,813,2018,pos,2.0
1684,814,2018,pos,0.0
1685,815,2018,pos,10.0
1686,816,2018,pos,0.0
1687,817,2018,pos,1.0
1688,818,2018,pos,0.0
1689,819,2018,pos,5.0
1690,820,2018,pos,0.0
1691,821,2018,pos,0.0
1692,822,2018,pos,12.0
1693,823,2018,pos,0.0
1694,824,2018,pos,0.0
1695,825,2018,pos,0.0
1696,826,2018,pos,0.0
1697,827,2018,pos,1.0
1698,828,2018,pos,0.0
1699,829,2018,pos,0.0
1700,830,2018,pos,8.0
1701,831,2018,pos,20.0
1702,832,2018,pos,0.0
1703,833,2018,pos,0.0
1704,834,2018,pos,1273.0
1705,835,2018,pos,0.0
1706,836,2018,pos,2.0
1707,837,2018,pos,9.0
1708,838,2018,pos,0.0
1709,839,2018,pos,0.0
1710,840,2018,pos,0.0
1711,841,2018,pos,0.0
1712,842,2018,pos,5.0
1713,843,2018,pos,0.0
1714,844,2018,pos,1.0
1715,845,2018,pos,0.0
1716,846,2018,pos,10.0
1717,847,2018,pos,7.0
1718,848,2018,pos,0.0
1719,849,2018,pos,0.0
1720,850,2018,pos,1.0
1721,851,2018,pos,0.0
1722,852,2018,pos,0.0
1723,853,2018,pos,0.0
1724,854,2018,pos,0.0
1725,855,2018,pos,124.0
1726,856,2018,pos,104.0
1727,857,2018,pos,0.0
1728,858,2018,pos,0.0
1729,859,2018,pos,0.0
1730,860,2018,pos,1.0
1731,861,2018,pos,2.0
1732,862,2018,pos,0.0
1733,863,2018,pos,0.0
1734,864,2018,pos,0.0
1735,865,2018,pos,2.0
1736,866,2018,pos,7.0
1737,867,2018,pos,0.0
1738,868,2018,pos,0.0
1739,869,2018,pos,0.0
